{
	"__comment": "Designed by Sphax with Cubik Studio - https://cubik.studio",
	"parent": "block/block",
	"textures": {
		"particle": "#front",
		"cap": "block/beehive_end",
		"side": "block/beehive_side",
		"front": "block/beehive_front_honey"
	},
	"elements": [ 	 
		{
			"__comment": "Box1",
			"from": [ 0, 0, 0 ],
			"to": [ 16, 16, 16 ],
			"faces": {
				"down": { "uv": [ 0, 0, 16, 16 ], "texture": "#cap", "cullface": "down", "rotation": 180 },
				"up": { "uv": [ 0, 0, 16, 16 ], "texture": "#cap", "cullface": "up" },
				"north": { "uv": [ 0, 0, 16, 16 ], "texture": "#front", "cullface": "north" },
				"south": { "uv": [ 0, 0, 16, 16 ], "texture": "#side", "cullface": "south" },
				"west": { "uv": [ 0, 0, 16, 16 ], "texture": "#side", "cullface": "west" },
				"east": { "uv": [ 0, 0, 16, 16 ], "texture": "#side", "cullface": "east" }
			}
		},
		{
			"__comment": "Box1",
			"from": [ 0, 12, -0.5 ],
			"to": [ 16, 16, 0 ],
			"faces": {
				"down": { "uv": [ 16, 4, 0, 4.5 ], "texture": "#front", "cullface": "north" },
				"up": { "uv": [ 0, 0, 16, 0.5 ], "texture": "#cap", "cullface": "north" },
				"north": { "uv": [ 0.000001907, 0, 16, 4 ], "texture": "#front", "cullface": "north" },
				"west": { "uv": [ 0, 0, 0.5, 4 ], "texture": "#side", "cullface": "north" },
				"east": { "uv": [ 15.5, 0, 16, 4 ], "texture": "#side", "cullface": "north" }
			}
		},
		{
			"__comment": "Box1",
			"from": [ 0, 12, 16 ],
			"to": [ 16, 16, 16.5 ],
			"faces": {
				"down": { "uv": [ 0, 3.5, 16, 4 ], "texture": "#front", "cullface": "south" },
				"up": { "uv": [ 0, 15.5, 16, 16 ], "texture": "#cap", "cullface": "south" },
				"south": { "uv": [ 0, 0, 16, 4 ], "texture": "#side", "cullface": "south" },
				"west": { "uv": [ 15.5, 0, 16, 4 ], "texture": "#side", "cullface": "south" },
				"east": { "uv": [ 0, 0, 0.5, 4 ], "texture": "#side", "cullface": "south" }
			}
		},
		{
			"__comment": "Box1",
			"from": [ -0.5, 12, 0 ],
			"to": [ 0, 16, 16 ],
			"faces": {
				"down": { "uv": [ 0, 3.5, 16, 4 ], "texture": "#front", "cullface": "west", "rotation": 90 },
				"up": { "uv": [ 0, 0, 0.5, 16 ], "texture": "#cap", "cullface": "west" },
				"north": { "uv": [ 15.5, 0, 16, 4 ], "texture": "#front", "cullface": "west" },
				"south": { "uv": [ 0, 0, 0.5, 4 ], "texture": "#side", "cullface": "west" },
				"west": { "uv": [ 0, 0, 16, 4 ], "texture": "#side", "cullface": "west" }
			}
		},
		{
			"__comment": "Box1",
			"from": [ 16, 12, 0 ],
			"to": [ 16.5, 16, 16 ],
			"faces": {
				"down": { "uv": [ 0, 3.5, 16, 4 ], "texture": "#front", "cullface": "east", "rotation": 90 },
				"up": { "uv": [ 15.5, 0, 16, 16 ], "texture": "#cap", "cullface": "east" },
				"north": { "uv": [ 0, 0, 0.5, 4 ], "texture": "#front", "cullface": "east" },
				"south": { "uv": [ 15.5, 0, 16, 4 ], "texture": "#side", "cullface": "east" },
				"east": { "uv": [ 0, 0, 16, 4 ], "texture": "#side", "cullface": "east" }
			}
		}
	]
}